Epoch,Class,Precision,Recall,Class F1,Macro F1,MCC
0.0,0.0,0.0,0.0,0.0,0.10719530102790015,-0.01367699056556347
0.0,1.0,0.0,0.0,0.0,0.10719530102790015,-0.01367699056556347
0.0,2.0,0.0,0.0,0.0,0.10719530102790015,-0.01367699056556347
0.0,3.0,0.27392120075046905,0.9864864864864865,0.4287812041116006,0.10719530102790015,-0.01367699056556347
1.0,0.0,0.4114285714285714,0.34951456310679613,0.3779527559055118,0.23478689370807238,0.06238900226591229
1.0,1.0,0.18518518518518517,0.09803921568627451,0.1282051282051282,0.23478689370807238,0.06238900226591229
1.0,2.0,0.0,0.0,0.0,0.23478689370807238,0.06238900226591229
1.0,3.0,0.3115727002967359,0.7094594594594594,0.4329896907216495,0.23478689370807238,0.06238900226591229
2.0,0.0,0.4888888888888889,0.42718446601941745,0.45595854922279794,0.2852571093796232,0.12324849515540828
2.0,1.0,0.12280701754385964,0.13725490196078433,0.12962962962962962,0.2852571093796232,0.12324849515540828
2.0,2.0,0.38095238095238093,0.05970149253731343,0.1032258064516129,0.2852571093796232,0.12324849515540828
2.0,3.0,0.34519572953736655,0.6554054054054054,0.4522144522144522,0.2852571093796232,0.12324849515540828
3.0,0.0,0.5217391304347826,0.46601941747572817,0.49230769230769234,0.321536705201882,0.17703067178482362
3.0,1.0,0.14285714285714285,0.1568627450980392,0.14953271028037382,0.321536705201882,0.17703067178482362
3.0,2.0,0.4444444444444444,0.08955223880597014,0.14906832298136646,0.321536705201882,0.17703067178482362
3.0,3.0,0.38235294117647056,0.7027027027027027,0.49523809523809526,0.321536705201882,0.17703067178482362
4.0,0.0,0.5376884422110553,0.5194174757281553,0.528395061728395,0.3459551496606809,0.20669242628380624
4.0,1.0,0.15384615384615385,0.11764705882352941,0.13333333333333333,0.3459551496606809,0.20669242628380624
4.0,2.0,0.48717948717948717,0.1417910447761194,0.21965317919075145,0.3459551496606809,0.20669242628380624
4.0,3.0,0.3931297709923664,0.6959459459459459,0.5024390243902439,0.3459551496606809,0.20669242628380624
5.0,0.0,0.5566037735849056,0.5728155339805825,0.5645933014354066,0.37249261604350214,0.2364264248912322
5.0,1.0,0.14285714285714285,0.1568627450980392,0.14953271028037382,0.37249261604350214,0.2364264248912322
5.0,2.0,0.5348837209302325,0.17164179104477612,0.2598870056497175,0.37249261604350214,0.2364264248912322
5.0,3.0,0.42543859649122806,0.6554054054054054,0.5159574468085106,0.37249261604350214,0.2364264248912322
6.0,0.0,0.5555555555555556,0.6310679611650486,0.5909090909090909,0.3767343669911709,0.2531152679804122
6.0,1.0,0.14634146341463414,0.11764705882352941,0.13043478260869565,0.3767343669911709,0.2531152679804122
6.0,2.0,0.5111111111111111,0.17164179104477612,0.2569832402234637,0.3767343669911709,0.2531152679804122
6.0,3.0,0.4429223744292237,0.6554054054054054,0.5286103542234333,0.3767343669911709,0.2531152679804122
7.0,0.0,0.5662650602409639,0.6844660194174758,0.6197802197802198,0.39643481518481516,0.2821589878144792
7.0,1.0,0.15,0.11764705882352941,0.13186813186813187,0.39643481518481516,0.2821589878144792
7.0,2.0,0.5869565217391305,0.20149253731343283,0.3,0.39643481518481516,0.2821589878144792
7.0,3.0,0.46078431372549017,0.6351351351351351,0.5340909090909091,0.39643481518481516,0.2821589878144792
8.0,0.0,0.5776892430278885,0.7038834951456311,0.6345733041575492,0.43122945133042134,0.3135758989191842
8.0,1.0,0.20930232558139536,0.17647058823529413,0.19148936170212766,0.43122945133042134,0.3135758989191842
8.0,2.0,0.559322033898305,0.2462686567164179,0.34196891191709844,0.43122945133042134,0.3135758989191842
8.0,3.0,0.5,0.6283783783783784,0.5568862275449101,0.43122945133042134,0.3135758989191842
9.0,0.0,0.5795454545454546,0.7427184466019418,0.6510638297872341,0.4329778146026749,0.3208188598255334
9.0,1.0,0.19148936170212766,0.17647058823529413,0.1836734693877551,0.4329778146026749,0.3208188598255334
9.0,2.0,0.559322033898305,0.2462686567164179,0.34196891191709844,0.4329778146026749,0.3208188598255334
9.0,3.0,0.5207100591715976,0.5945945945945946,0.555205047318612,0.4329778146026749,0.3208188598255334
10.0,0.0,0.5895522388059702,0.7669902912621359,0.6666666666666666,0.4291067675493905,0.33218577966319784
10.0,1.0,0.17777777777777778,0.1568627450980392,0.16666666666666666,0.4291067675493905,0.33218577966319784
10.0,2.0,0.5918367346938775,0.21641791044776118,0.31693989071038253,0.4291067675493905,0.33218577966319784
10.0,3.0,0.519774011299435,0.6216216216216216,0.5661538461538461,0.4291067675493905,0.33218577966319784
11.0,0.0,0.579136690647482,0.7815533980582524,0.6652892561983471,0.454072949450945,0.34726892117909464
11.0,1.0,0.23404255319148937,0.21568627450980393,0.22448979591836735,0.454072949450945,0.34726892117909464
11.0,2.0,0.5964912280701754,0.2537313432835821,0.35602094240837695,0.454072949450945,0.34726892117909464
11.0,3.0,0.554140127388535,0.5878378378378378,0.5704918032786885,0.454072949450945,0.34726892117909464
12.0,0.0,0.5795053003533569,0.7961165048543689,0.6707566462167689,0.4464502768973254,0.34253071957678904
12.0,1.0,0.25,0.19607843137254902,0.21978021978021978,0.4464502768973254,0.34253071957678904
12.0,2.0,0.5925925925925926,0.23880597014925373,0.3404255319148936,0.4464502768973254,0.34253071957678904
12.0,3.0,0.5308641975308642,0.581081081081081,0.5548387096774193,0.4464502768973254,0.34253071957678904
13.0,0.0,0.5804195804195804,0.8058252427184466,0.6747967479674797,0.44356798405167824,0.3450193842498195
13.0,1.0,0.23684210526315788,0.17647058823529413,0.20224719101123595,0.44356798405167824,0.3450193842498195
13.0,2.0,0.6274509803921569,0.23880597014925373,0.34594594594594597,0.44356798405167824,0.3450193842498195
13.0,3.0,0.524390243902439,0.581081081081081,0.5512820512820513,0.44356798405167824,0.3450193842498195
14.0,0.0,0.5787671232876712,0.8203883495145631,0.678714859437751,0.4490721136105528,0.3486526935592746
14.0,1.0,0.22727272727272727,0.19607843137254902,0.21052631578947367,0.4490721136105528,0.3486526935592746
14.0,2.0,0.6071428571428571,0.2537313432835821,0.35789473684210527,0.4490721136105528,0.3486526935592746
14.0,3.0,0.5510204081632653,0.5472972972972973,0.5491525423728814,0.4490721136105528,0.3486526935592746
15.0,0.0,0.6007462686567164,0.7815533980582524,0.679324894514768,0.4590626026212115,0.3542985033300101
15.0,1.0,0.22727272727272727,0.19607843137254902,0.21052631578947367,0.4590626026212115,0.3542985033300101
15.0,2.0,0.5735294117647058,0.291044776119403,0.38613861386138615,0.4590626026212115,0.3542985033300101
15.0,3.0,0.5408805031446541,0.581081081081081,0.5602605863192183,0.4590626026212115,0.3542985033300101
16.0,0.0,0.584192439862543,0.8252427184466019,0.6841046277665996,0.45022766195837227,0.35261298618564707
16.0,1.0,0.23076923076923078,0.17647058823529413,0.2,0.45022766195837227,0.35261298618564707
16.0,2.0,0.6206896551724138,0.26865671641791045,0.375,0.45022766195837227,0.35261298618564707
16.0,3.0,0.5364238410596026,0.5472972972972973,0.5418060200668896,0.45022766195837227,0.35261298618564707
17.0,0.0,0.5761589403973509,0.8446601941747572,0.6850393700787402,0.46902334662121736,0.3696665049929242
17.0,1.0,0.275,0.21568627450980393,0.24175824175824176,0.46902334662121736,0.3696665049929242
17.0,2.0,0.639344262295082,0.291044776119403,0.4,0.46902334662121736,0.3696665049929242
17.0,3.0,0.5735294117647058,0.527027027027027,0.5492957746478874,0.46902334662121736,0.3696665049929242
18.0,0.0,0.5594855305466238,0.8446601941747572,0.6731141199226306,0.4435096390425527,0.3421513576115808
18.0,1.0,0.21951219512195122,0.17647058823529413,0.1956521739130435,0.4435096390425527,0.3421513576115808
18.0,2.0,0.6379310344827587,0.27611940298507465,0.3854166666666667,0.4435096390425527,0.3421513576115808
18.0,3.0,0.5581395348837209,0.4864864864864865,0.51985559566787,0.4435096390425527,0.3421513576115808
19.0,0.0,0.5728813559322034,0.8203883495145631,0.6746506986027944,0.4464607088929307,0.34798488944029216
19.0,1.0,0.25,0.1568627450980392,0.1927710843373494,0.4464607088929307,0.34798488944029216
19.0,2.0,0.6428571428571429,0.26865671641791045,0.37894736842105264,0.4464607088929307,0.34798488944029216
19.0,3.0,0.5256410256410257,0.5540540540540541,0.5394736842105263,0.4464607088929307,0.34798488944029216
20.0,0.0,0.5863309352517986,0.7912621359223301,0.6735537190082644,0.4589439853076217,0.3499019117752279
20.0,1.0,0.22916666666666666,0.21568627450980393,0.2222222222222222,0.4589439853076217,0.3499019117752279
20.0,2.0,0.639344262295082,0.291044776119403,0.4,0.4589439853076217,0.3499019117752279
20.0,3.0,0.5328947368421053,0.5472972972972973,0.54,0.4589439853076217,0.3499019117752279
21.0,0.0,0.5699300699300699,0.7912621359223301,0.6626016260162602,0.44962228845371427,0.3377734376096487
21.0,1.0,0.24324324324324326,0.17647058823529413,0.20454545454545456,0.44962228845371427,0.3377734376096487
21.0,2.0,0.6451612903225806,0.29850746268656714,0.40816326530612246,0.44962228845371427,0.3377734376096487
21.0,3.0,0.512987012987013,0.5337837837837838,0.5231788079470199,0.44962228845371427,0.3377734376096487
22.0,0.0,0.5618729096989966,0.8155339805825242,0.6653465346534654,0.44344990292413594,0.33531183519650654
22.0,1.0,0.23684210526315788,0.17647058823529413,0.20224719101123595,0.44344990292413594,0.33531183519650654
22.0,2.0,0.6491228070175439,0.27611940298507465,0.387434554973822,0.44344990292413594,0.33531183519650654
22.0,3.0,0.5241379310344828,0.5135135135135135,0.5187713310580204,0.44344990292413594,0.33531183519650654
23.0,0.0,0.5733333333333334,0.8349514563106796,0.6798418972332015,0.4519750876081998,0.3481584437003371
23.0,1.0,0.22727272727272727,0.19607843137254902,0.21052631578947367,0.4519750876081998,0.3481584437003371
23.0,2.0,0.6290322580645161,0.291044776119403,0.3979591836734694,0.4519750876081998,0.3481584437003371
23.0,3.0,0.5488721804511278,0.49324324324324326,0.5195729537366548,0.4519750876081998,0.3481584437003371
24.0,0.0,0.5824915824915825,0.8398058252427184,0.6878727634194831,0.477182835456469,0.3758814255188816
24.0,1.0,0.27906976744186046,0.23529411764705882,0.2553191489361702,0.477182835456469,0.3758814255188816
24.0,2.0,0.6507936507936508,0.30597014925373134,0.41624365482233505,0.477182835456469,0.3758814255188816
24.0,3.0,0.5735294117647058,0.527027027027027,0.5492957746478874,0.477182835456469,0.3758814255188816
25.0,0.0,0.5738255033557047,0.8300970873786407,0.6785714285714286,0.4597324428091505,0.35350912469576445
25.0,1.0,0.2558139534883721,0.21568627450980393,0.23404255319148937,0.4597324428091505,0.35350912469576445
25.0,2.0,0.639344262295082,0.291044776119403,0.4,0.4597324428091505,0.35350912469576445
25.0,3.0,0.5474452554744526,0.5067567567567568,0.5263157894736842,0.4597324428091505,0.35350912469576445
26.0,0.0,0.5805369127516778,0.8398058252427184,0.6865079365079365,0.4674039022443278,0.3645683753269943
26.0,1.0,0.2558139534883721,0.21568627450980393,0.23404255319148937,0.4674039022443278,0.3645683753269943
26.0,2.0,0.65625,0.31343283582089554,0.42424242424242425,0.4674039022443278,0.3645683753269943
26.0,3.0,0.5522388059701493,0.5,0.524822695035461,0.4674039022443278,0.3645683753269943
27.0,0.0,0.5766666666666667,0.8398058252427184,0.6837944664031621,0.4678762876606004,0.3623569029245319
27.0,1.0,0.2727272727272727,0.23529411764705882,0.25263157894736843,0.4678762876606004,0.3623569029245319
27.0,2.0,0.6557377049180327,0.29850746268656714,0.41025641025641024,0.4678762876606004,0.3623569029245319
27.0,3.0,0.5522388059701493,0.5,0.524822695035461,0.4678762876606004,0.3623569029245319
28.0,0.0,0.5864406779661017,0.8398058252427184,0.6906187624750499,0.47182728848353117,0.3677968349989992
28.0,1.0,0.26666666666666666,0.23529411764705882,0.25,0.47182728848353117,0.3677968349989992
28.0,2.0,0.6363636363636364,0.31343283582089554,0.42,0.47182728848353117,0.3677968349989992
28.0,3.0,0.556390977443609,0.5,0.5266903914590747,0.47182728848353117,0.3677968349989992
29.0,0.0,0.5756578947368421,0.8495145631067961,0.6862745098039216,0.47169621915751947,0.3680168498577023
29.0,1.0,0.2727272727272727,0.23529411764705882,0.25263157894736843,0.47169621915751947,0.3680168498577023
29.0,2.0,0.65625,0.31343283582089554,0.42424242424242425,0.47169621915751947,0.3680168498577023
29.0,3.0,0.5669291338582677,0.4864864864864865,0.5236363636363637,0.47169621915751947,0.3680168498577023
30.0,0.0,0.5770491803278689,0.8543689320388349,0.6888454011741683,0.4616377218112328,0.3660575652858184
30.0,1.0,0.23684210526315788,0.17647058823529413,0.20224719101123595,0.4616377218112328,0.3660575652858184
30.0,2.0,0.6615384615384615,0.3208955223880597,0.4321608040201005,0.4616377218112328,0.3660575652858184
30.0,3.0,0.5572519083969466,0.49324324324324326,0.5232974910394266,0.4616377218112328,0.3660575652858184
31.0,0.0,0.5819397993311036,0.8446601941747572,0.689108910891089,0.4725388572235545,0.37247109424221775
31.0,1.0,0.23255813953488372,0.19607843137254902,0.2127659574468085,0.4725388572235545,0.37247109424221775
31.0,2.0,0.6329113924050633,0.373134328358209,0.4694835680751174,0.4725388572235545,0.37247109424221775
31.0,3.0,0.5847457627118644,0.46621621621621623,0.518796992481203,0.4725388572235545,0.37247109424221775
32.0,0.0,0.5886287625418061,0.8543689320388349,0.697029702970297,0.46410958422867715,0.37651588067322994
32.0,1.0,0.18421052631578946,0.13725490196078433,0.15730337078651685,0.46410958422867715,0.37651588067322994
32.0,2.0,0.6666666666666666,0.373134328358209,0.4784688995215311,0.46410958422867715,0.37651588067322994
32.0,3.0,0.5669291338582677,0.4864864864864865,0.5236363636363637,0.46410958422867715,0.37651588067322994
33.0,0.0,0.5906040268456376,0.8543689320388349,0.6984126984126984,0.4606420870823475,0.3760247823984767
33.0,1.0,0.2,0.13725490196078433,0.16279069767441862,0.4606420870823475,0.3760247823984767
33.0,2.0,0.6567164179104478,0.3283582089552239,0.43781094527363185,0.4606420870823475,0.3760247823984767
33.0,3.0,0.5611510791366906,0.527027027027027,0.5435540069686411,0.4606420870823475,0.3760247823984767
34.0,0.0,0.6,0.8446601941747572,0.7016129032258065,0.4593190815315774,0.37898617472255797
34.0,1.0,0.17857142857142858,0.09803921568627451,0.12658227848101267,0.4593190815315774,0.37898617472255797
34.0,2.0,0.6666666666666666,0.373134328358209,0.4784688995215311,0.4593190815315774,0.37898617472255797
34.0,3.0,0.5342465753424658,0.527027027027027,0.5306122448979592,0.4593190815315774,0.37898617472255797
35.0,0.0,0.5952380952380952,0.8495145631067961,0.7,0.4695812114714554,0.3802599174060648
35.0,1.0,0.225,0.17647058823529413,0.1978021978021978,0.4695812114714554,0.3802599174060648
35.0,2.0,0.6515151515151515,0.3208955223880597,0.43,0.4695812114714554,0.3802599174060648
35.0,3.0,0.5683453237410072,0.5337837837837838,0.5505226480836237,0.4695812114714554,0.3802599174060648
36.0,0.0,0.5958904109589042,0.8446601941747572,0.6987951807228916,0.4672648448564072,0.37881036320641664
36.0,1.0,0.22857142857142856,0.1568627450980392,0.18604651162790697,0.4672648448564072,0.37881036320641664
36.0,2.0,0.6666666666666666,0.3283582089552239,0.44,0.4672648448564072,0.37881036320641664
36.0,3.0,0.547945205479452,0.5405405405405406,0.54421768707483,0.4672648448564072,0.37881036320641664
37.0,0.0,0.5910652920962199,0.8349514563106796,0.6921529175050302,0.4648885010548972,0.36773247352893035
37.0,1.0,0.1956521739130435,0.17647058823529413,0.18556701030927836,0.4648885010548972,0.36773247352893035
37.0,2.0,0.6619718309859155,0.35074626865671643,0.4585365853658537,0.4648885010548972,0.36773247352893035
37.0,3.0,0.5572519083969466,0.49324324324324326,0.5232974910394266,0.4648885010548972,0.36773247352893035
38.0,0.0,0.6027874564459931,0.8398058252427184,0.7018255578093306,0.4788717371880127,0.3849571240524589
38.0,1.0,0.225,0.17647058823529413,0.1978021978021978,0.4788717371880127,0.3849571240524589
38.0,2.0,0.6753246753246753,0.3880597014925373,0.4928909952606635,0.4788717371880127,0.3849571240524589
38.0,3.0,0.5481481481481482,0.5,0.5229681978798587,0.4788717371880127,0.3849571240524589
39.0,0.0,0.6123188405797102,0.8203883495145631,0.7012448132780082,0.47121455781961463,0.3839234241158378
39.0,1.0,0.2,0.13725490196078433,0.16279069767441862,0.47121455781961463,0.3839234241158378
39.0,2.0,0.6621621621621622,0.3656716417910448,0.47115384615384615,0.47121455781961463,0.3839234241158378
39.0,3.0,0.538961038961039,0.5608108108108109,0.5496688741721855,0.47121455781961463,0.3839234241158378
40.0,0.0,0.6027397260273972,0.8543689320388349,0.7068273092369478,0.47410471368589935,0.38599051615842045
40.0,1.0,0.18604651162790697,0.1568627450980392,0.1702127659574468,0.47410471368589935,0.38599051615842045
40.0,2.0,0.675,0.40298507462686567,0.5046728971962616,0.47410471368589935,0.38599051615842045
40.0,3.0,0.5645161290322581,0.47297297297297297,0.5147058823529411,0.47410471368589935,0.38599051615842045
41.0,0.0,0.6070175438596491,0.8398058252427184,0.7046843177189409,0.4596293675491657,0.3760179265489654
41.0,1.0,0.1282051282051282,0.09803921568627451,0.1111111111111111,0.4596293675491657,0.3760179265489654
41.0,2.0,0.6666666666666666,0.417910447761194,0.5137614678899083,0.4596293675491657,0.3760179265489654
41.0,3.0,0.5419847328244275,0.4797297297297297,0.5089605734767025,0.4596293675491657,0.3760179265489654
42.0,0.0,0.5952380952380952,0.8495145631067961,0.7,0.4540235538439735,0.3662746840246094
42.0,1.0,0.14285714285714285,0.11764705882352941,0.12903225806451613,0.4540235538439735,0.3662746840246094
42.0,2.0,0.6623376623376623,0.3805970149253731,0.4834123222748815,0.4540235538439735,0.3662746840246094
42.0,3.0,0.5476190476190477,0.46621621621621623,0.5036496350364964,0.4540235538439735,0.3662746840246094
43.0,0.0,0.6131386861313869,0.8155339805825242,0.7,0.4728232514579169,0.3826626738277122
43.0,1.0,0.16666666666666666,0.13725490196078433,0.15053763440860216,0.4728232514579169,0.3826626738277122
43.0,2.0,0.675,0.40298507462686567,0.5046728971962616,0.4728232514579169,0.3826626738277122
43.0,3.0,0.5454545454545454,0.527027027027027,0.5360824742268041,0.4728232514579169,0.3826626738277122
44.0,0.0,0.5972222222222222,0.8349514563106796,0.6963562753036437,0.47074338050423825,0.3719216263505071
44.0,1.0,0.19607843137254902,0.19607843137254902,0.19607843137254902,0.47074338050423825,0.3719216263505071
44.0,2.0,0.6493506493506493,0.373134328358209,0.47393364928909953,0.47074338050423825,0.3719216263505071
44.0,3.0,0.5691056910569106,0.47297297297297297,0.5166051660516605,0.47074338050423825,0.3719216263505071
45.0,0.0,0.6028880866425993,0.8106796116504854,0.6915113871635611,0.47487424746496043,0.3706969815665661
45.0,1.0,0.20833333333333334,0.19607843137254902,0.20202020202020202,0.47487424746496043,0.3706969815665661
45.0,2.0,0.6625,0.39552238805970147,0.4953271028037383,0.47487424746496043,0.3706969815665661
45.0,3.0,0.5373134328358209,0.4864864864864865,0.5106382978723404,0.47487424746496043,0.3706969815665661
46.0,0.0,0.6107142857142858,0.8300970873786407,0.7037037037037037,0.4724851444775966,0.38334709785210014
46.0,1.0,0.15555555555555556,0.13725490196078433,0.14583333333333334,0.4724851444775966,0.38334709785210014
46.0,2.0,0.6705882352941176,0.4253731343283582,0.5205479452054794,0.4724851444775966,0.38334709785210014
46.0,3.0,0.5581395348837209,0.4864864864864865,0.51985559566787,0.4724851444775966,0.38334709785210014
47.0,0.0,0.6363636363636364,0.7815533980582524,0.7015250544662309,0.48628376889327285,0.39304287734415755
47.0,1.0,0.16666666666666666,0.1568627450980392,0.16161616161616163,0.48628376889327285,0.39304287734415755
47.0,2.0,0.6521739130434783,0.44776119402985076,0.5309734513274337,0.48628376889327285,0.39304287734415755
47.0,3.0,0.5547945205479452,0.5472972972972973,0.5510204081632653,0.48628376889327285,0.39304287734415755
48.0,0.0,0.6041666666666666,0.8446601941747572,0.7044534412955465,0.47181441065236224,0.38084522217435035
48.0,1.0,0.17777777777777778,0.1568627450980392,0.16666666666666666,0.47181441065236224,0.38084522217435035
48.0,2.0,0.6626506024096386,0.41044776119402987,0.5069124423963134,0.47181441065236224,0.38084522217435035
48.0,3.0,0.5609756097560976,0.46621621621621623,0.5092250922509225,0.47181441065236224,0.38084522217435035
49.0,0.0,0.6142857142857143,0.8349514563106796,0.7078189300411523,0.46926172021386836,0.38095962150769325
49.0,1.0,0.15217391304347827,0.13725490196078433,0.14432989690721648,0.46926172021386836,0.38095962150769325
49.0,2.0,0.6626506024096386,0.41044776119402987,0.5069124423963134,0.46926172021386836,0.38095962150769325
49.0,3.0,0.5538461538461539,0.4864864864864865,0.5179856115107914,0.46926172021386836,0.38095962150769325
50.0,0.0,0.6339622641509434,0.8155339805825242,0.7133757961783439,0.48319585442985735,0.407737612215655
50.0,1.0,0.14285714285714285,0.09803921568627451,0.11627906976744186,0.48319585442985735,0.407737612215655
50.0,2.0,0.6526315789473685,0.4626865671641791,0.5414847161572053,0.48319585442985735,0.407737612215655
50.0,3.0,0.5694444444444444,0.5540540540540541,0.5616438356164384,0.48319585442985735,0.407737612215655
51.0,0.0,0.6388888888888888,0.7815533980582524,0.7030567685589519,0.4744681576027547,0.39090767186311365
51.0,1.0,0.125,0.09803921568627451,0.10989010989010989,0.4744681576027547,0.39090767186311365
51.0,2.0,0.6451612903225806,0.44776119402985076,0.5286343612334802,0.4744681576027547,0.39090767186311365
51.0,3.0,0.5454545454545454,0.5675675675675675,0.5562913907284768,0.4744681576027547,0.39090767186311365
52.0,0.0,0.6170212765957447,0.8446601941747572,0.7131147540983607,0.4754503593424704,0.39555815096557567
52.0,1.0,0.15,0.11764705882352941,0.13186813186813187,0.4754503593424704,0.39555815096557567
52.0,2.0,0.6590909090909091,0.43283582089552236,0.5225225225225225,0.4754503593424704,0.39555815096557567
52.0,3.0,0.5736434108527132,0.5,0.5342960288808665,0.4754503593424704,0.39555815096557567
53.0,0.0,0.6013986013986014,0.8349514563106796,0.6991869918699187,0.47543699827815544,0.3867926965029627
53.0,1.0,0.18421052631578946,0.13725490196078433,0.15730337078651685,0.47543699827815544,0.3867926965029627
53.0,2.0,0.6627906976744186,0.4253731343283582,0.5181818181818182,0.47543699827815544,0.3867926965029627
53.0,3.0,0.5658914728682171,0.49324324324324326,0.5270758122743683,0.47543699827815544,0.3867926965029627
54.0,0.0,0.6254545454545455,0.8349514563106796,0.7151767151767152,0.4773285546056095,0.39567495707165734
54.0,1.0,0.14634146341463414,0.11764705882352941,0.13043478260869565,0.4773285546056095,0.39567495707165734
54.0,2.0,0.6494845360824743,0.4701492537313433,0.5454545454545454,0.4773285546056095,0.39567495707165734
54.0,3.0,0.5634920634920635,0.4797297297297297,0.5182481751824818,0.4773285546056095,0.39567495707165734
55.0,0.0,0.6091549295774648,0.8398058252427184,0.7061224489795919,0.46882513773619466,0.3894705295974967
55.0,1.0,0.13157894736842105,0.09803921568627451,0.11235955056179775,0.46882513773619466,0.3894705295974967
55.0,2.0,0.6590909090909091,0.43283582089552236,0.5225225225225225,0.46882513773619466,0.3894705295974967
55.0,3.0,0.5736434108527132,0.5,0.5342960288808665,0.46882513773619466,0.3894705295974967
56.0,0.0,0.6296296296296297,0.8252427184466019,0.7142857142857143,0.4890095915981161,0.40598393277305717
56.0,1.0,0.1794871794871795,0.13725490196078433,0.15555555555555556,0.4890095915981161,0.40598393277305717
56.0,2.0,0.6336633663366337,0.47761194029850745,0.5446808510638298,0.4890095915981161,0.40598393277305717
56.0,3.0,0.5813953488372093,0.5067567567567568,0.5415162454873647,0.4890095915981161,0.40598393277305717
57.0,0.0,0.6401515151515151,0.8203883495145631,0.7191489361702128,0.4902318841477052,0.40855587593644915
57.0,1.0,0.18421052631578946,0.13725490196078433,0.15730337078651685,0.4902318841477052,0.40855587593644915
57.0,2.0,0.6421052631578947,0.4552238805970149,0.5327510917030568,0.4902318841477052,0.40855587593644915
57.0,3.0,0.5633802816901409,0.5405405405405406,0.5517241379310345,0.4902318841477052,0.40855587593644915
58.0,0.0,0.6423076923076924,0.8106796116504854,0.7167381974248928,0.4917803347968362,0.40888692752649103
58.0,1.0,0.1794871794871795,0.13725490196078433,0.15555555555555556,0.4917803347968362,0.40888692752649103
58.0,2.0,0.6428571428571429,0.4701492537313433,0.5431034482758621,0.4917803347968362,0.40888692752649103
58.0,3.0,0.5633802816901409,0.5405405405405406,0.5517241379310345,0.4917803347968362,0.40888692752649103
59.0,0.0,0.6240875912408759,0.8300970873786407,0.7125,0.4699819610058972,0.38961005922803044
59.0,1.0,0.1282051282051282,0.09803921568627451,0.1111111111111111,0.4699819610058972,0.38961005922803044
59.0,2.0,0.6237623762376238,0.4701492537313433,0.5361702127659574,0.4699819610058972,0.38961005922803044
59.0,3.0,0.568,0.4797297297297297,0.5201465201465202,0.4699819610058972,0.38961005922803044
60.0,0.0,0.6209386281588448,0.8349514563106796,0.7122153209109731,0.4757010961118801,0.3942304331214162
60.0,1.0,0.16666666666666666,0.11764705882352941,0.13793103448275862,0.4757010961118801,0.3942304331214162
60.0,2.0,0.6373626373626373,0.43283582089552236,0.5155555555555555,0.4757010961118801,0.3942304331214162
60.0,3.0,0.562962962962963,0.5135135135135135,0.5371024734982333,0.4757010961118801,0.3942304331214162
61.0,0.0,0.6273062730627307,0.8252427184466019,0.7127882599580713,0.4722928494979084,0.39850225941134004
61.0,1.0,0.125,0.0784313725490196,0.0963855421686747,0.4722928494979084,0.39850225941134004
61.0,2.0,0.6176470588235294,0.4701492537313433,0.5338983050847458,0.4722928494979084,0.39850225941134004
61.0,3.0,0.5746268656716418,0.5202702702702703,0.5460992907801419,0.4722928494979084,0.39850225941134004
62.0,0.0,0.6097560975609756,0.8495145631067961,0.7099391480730223,0.46986067354307826,0.3873974278712771
62.0,1.0,0.15384615384615385,0.11764705882352941,0.13333333333333333,0.46986067354307826,0.3873974278712771
62.0,2.0,0.6237623762376238,0.4701492537313433,0.5361702127659574,0.46986067354307826,0.3873974278712771
62.0,3.0,0.5803571428571429,0.4391891891891892,0.5,0.46986067354307826,0.3873974278712771
63.0,0.0,0.6268656716417911,0.8155339805825242,0.7088607594936709,0.48110974988161925,0.3930962474523295
63.0,1.0,0.17073170731707318,0.13725490196078433,0.15217391304347827,0.48110974988161925,0.3930962474523295
63.0,2.0,0.6074766355140186,0.48507462686567165,0.5394190871369294,0.48110974988161925,0.3930962474523295
63.0,3.0,0.5772357723577236,0.4797297297297297,0.5239852398523985,0.48110974988161925,0.3930962474523295
64.0,0.0,0.6329588014981273,0.8203883495145631,0.7145877378435518,0.4810526389216803,0.4045801509981804
64.0,1.0,0.14705882352941177,0.09803921568627451,0.11764705882352941,0.4810526389216803,0.4045801509981804
64.0,2.0,0.6190476190476191,0.48507462686567165,0.5439330543933054,0.4810526389216803,0.4045801509981804
64.0,3.0,0.5789473684210527,0.5202702702702703,0.5480427046263345,0.4810526389216803,0.4045801509981804
65.0,0.0,0.630188679245283,0.8106796116504854,0.7091295116772823,0.4717049731911904,0.39434851292318446
65.0,1.0,0.1111111111111111,0.0784313725490196,0.09195402298850575,0.4717049731911904,0.39434851292318446
65.0,2.0,0.6146788990825688,0.5,0.551440329218107,0.4717049731911904,0.39434851292318446
65.0,3.0,0.5736434108527132,0.5,0.5342960288808665,0.4717049731911904,0.39434851292318446
66.0,0.0,0.631578947368421,0.8155339805825242,0.711864406779661,0.4803262415550551,0.40872583097041515
66.0,1.0,0.13793103448275862,0.0784313725490196,0.1,0.4803262415550551,0.40872583097041515
66.0,2.0,0.6226415094339622,0.4925373134328358,0.55,0.4803262415550551,0.40872583097041515
66.0,3.0,0.5797101449275363,0.5405405405405406,0.5594405594405595,0.4803262415550551,0.40872583097041515
67.0,0.0,0.6381322957198443,0.7961165048543689,0.7084233261339092,0.47752548730135524,0.40166081636058193
67.0,1.0,0.125,0.0784313725490196,0.0963855421686747,0.47752548730135524,0.40166081636058193
67.0,2.0,0.6071428571428571,0.5074626865671642,0.5528455284552846,0.47752548730135524,0.40166081636058193
67.0,3.0,0.572463768115942,0.5337837837837838,0.5524475524475524,0.47752548730135524,0.40166081636058193
68.0,0.0,0.6222222222222222,0.8155339805825242,0.7058823529411765,0.469502801512494,0.3860769896347588
68.0,1.0,0.14285714285714285,0.09803921568627451,0.11627906976744186,0.469502801512494,0.3860769896347588
68.0,2.0,0.5964912280701754,0.5074626865671642,0.5483870967741935,0.469502801512494,0.3860769896347588
68.0,3.0,0.5666666666666667,0.4594594594594595,0.5074626865671642,0.469502801512494,0.3860769896347588
69.0,0.0,0.631578947368421,0.8155339805825242,0.711864406779661,0.4725495506714078,0.3964011834439224
69.0,1.0,0.11764705882352941,0.0784313725490196,0.09411764705882353,0.4725495506714078,0.3964011834439224
69.0,2.0,0.6285714285714286,0.4925373134328358,0.5523012552301255,0.4725495506714078,0.3964011834439224
69.0,3.0,0.5597014925373134,0.5067567567567568,0.5319148936170213,0.4725495506714078,0.3964011834439224
70.0,0.0,0.6292134831460674,0.8155339805825242,0.7103594080338267,0.4710257895976645,0.4007552150429689
70.0,1.0,0.1,0.058823529411764705,0.07407407407407407,0.4710257895976645,0.4007552150429689
70.0,2.0,0.6285714285714286,0.4925373134328358,0.5523012552301255,0.4710257895976645,0.4007552150429689
70.0,3.0,0.5693430656934306,0.527027027027027,0.5473684210526316,0.4710257895976645,0.4007552150429689
71.0,0.0,0.6268656716417911,0.8155339805825242,0.7088607594936709,0.47231504409430436,0.4027448806923328
71.0,1.0,0.1111111111111111,0.058823529411764705,0.07692307692307693,0.47231504409430436,0.4027448806923328
71.0,2.0,0.6181818181818182,0.5074626865671642,0.5573770491803278,0.47231504409430436,0.4027448806923328
71.0,3.0,0.5746268656716418,0.5202702702702703,0.5460992907801419,0.47231504409430436,0.4027448806923328
72.0,0.0,0.6468253968253969,0.7912621359223301,0.7117903930131004,0.48604969815363797,0.4076745589076434
72.0,1.0,0.15151515151515152,0.09803921568627451,0.11904761904761904,0.48604969815363797,0.4076745589076434
72.0,2.0,0.6442307692307693,0.5,0.5630252100840336,0.48604969815363797,0.4076745589076434
72.0,3.0,0.5466666666666666,0.5540540540540541,0.5503355704697986,0.48604969815363797,0.4076745589076434
73.0,0.0,0.6329588014981273,0.8203883495145631,0.7145877378435518,0.4710441206080741,0.40246725285498364
73.0,1.0,0.11538461538461539,0.058823529411764705,0.07792207792207792,0.4710441206080741,0.40246725285498364
73.0,2.0,0.6226415094339622,0.4925373134328358,0.55,0.4710441206080741,0.40246725285498364
73.0,3.0,0.5571428571428572,0.527027027027027,0.5416666666666666,0.4710441206080741,0.40246725285498364
74.0,0.0,0.6329588014981273,0.8203883495145631,0.7145877378435518,0.4800007951833909,0.40848250642079675
74.0,1.0,0.14285714285714285,0.0784313725490196,0.10126582278481013,0.4800007951833909,0.40848250642079675
74.0,2.0,0.6470588235294118,0.4925373134328358,0.559322033898305,0.4800007951833909,0.40848250642079675
74.0,3.0,0.5563380281690141,0.5337837837837838,0.5448275862068965,0.4800007951833909,0.40848250642079675
75.0,0.0,0.6456692913385826,0.7961165048543689,0.7130434782608696,0.4813113137446938,0.40751597343756985
75.0,1.0,0.12121212121212122,0.0784313725490196,0.09523809523809523,0.4813113137446938,0.40751597343756985
75.0,2.0,0.6140350877192983,0.5223880597014925,0.5645161290322581,0.4813113137446938,0.40751597343756985
75.0,3.0,0.572463768115942,0.5337837837837838,0.5524475524475524,0.4813113137446938,0.40751597343756985
76.0,0.0,0.6388888888888888,0.7815533980582524,0.7030567685589519,0.49390993528548116,0.4061249729809557
76.0,1.0,0.1891891891891892,0.13725490196078433,0.1590909090909091,0.49390993528548116,0.4061249729809557
76.0,2.0,0.6016949152542372,0.5298507462686567,0.5634920634920635,0.49390993528548116,0.4061249729809557
76.0,3.0,0.5833333333333334,0.5202702702702703,0.55,0.49390993528548116,0.4061249729809557
77.0,0.0,0.637065637065637,0.8009708737864077,0.7096774193548387,0.47753797880075,0.40166316633884996
77.0,1.0,0.125,0.0784313725490196,0.0963855421686747,0.47753797880075,0.40166316633884996
77.0,2.0,0.6173913043478261,0.5298507462686567,0.570281124497992,0.47753797880075,0.40166316633884996
77.0,3.0,0.5639097744360902,0.5067567567567568,0.5338078291814946,0.47753797880075,0.40166316633884996
78.0,0.0,0.6363636363636364,0.7815533980582524,0.7015250544662309,0.48346433456251237,0.4015603769693685
78.0,1.0,0.16666666666666666,0.09803921568627451,0.12345679012345678,0.48346433456251237,0.4015603769693685
78.0,2.0,0.5950413223140496,0.5373134328358209,0.5647058823529412,0.48346433456251237,0.4015603769693685
78.0,3.0,0.5703703703703704,0.5202702702702703,0.5441696113074205,0.48346433456251237,0.4015603769693685
79.0,0.0,0.6356589147286822,0.7961165048543689,0.7068965517241379,0.4887161687261213,0.405751848722191
79.0,1.0,0.16216216216216217,0.11764705882352941,0.13636363636363635,0.4887161687261213,0.405751848722191
79.0,2.0,0.6194690265486725,0.5223880597014925,0.5668016194331984,0.4887161687261213,0.405751848722191
79.0,3.0,0.5801526717557252,0.5135135135135135,0.5448028673835126,0.4887161687261213,0.405751848722191
80.0,0.0,0.630188679245283,0.8106796116504854,0.7091295116772823,0.4765147522314489,0.4014563122754685
80.0,1.0,0.125,0.0784313725490196,0.0963855421686747,0.4765147522314489,0.4014563122754685
80.0,2.0,0.6160714285714286,0.5149253731343284,0.5609756097560976,0.4765147522314489,0.4014563122754685
80.0,3.0,0.5769230769230769,0.5067567567567568,0.539568345323741,0.4765147522314489,0.4014563122754685
81.0,0.0,0.6293436293436293,0.7912621359223301,0.7010752688172043,0.47030425810229454,0.3958289083201139
81.0,1.0,0.1,0.058823529411764705,0.07407407407407407,0.47030425810229454,0.3958289083201139
81.0,2.0,0.5966386554621849,0.5298507462686567,0.5612648221343873,0.47030425810229454,0.3958289083201139
81.0,3.0,0.5801526717557252,0.5135135135135135,0.5448028673835126,0.47030425810229454,0.3958289083201139
82.0,0.0,0.640625,0.7961165048543689,0.70995670995671,0.46906323120217547,0.4029718750566483
82.0,1.0,0.07692307692307693,0.0392156862745098,0.05194805194805195,0.46906323120217547,0.4029718750566483
82.0,2.0,0.6068376068376068,0.5298507462686567,0.5657370517928287,0.46906323120217547,0.4029718750566483
82.0,3.0,0.5642857142857143,0.5337837837837838,0.5486111111111112,0.46906323120217547,0.4029718750566483
83.0,0.0,0.652,0.7912621359223301,0.7149122807017544,0.4813136866137948,0.41487238661324316
83.0,1.0,0.10344827586206896,0.058823529411764705,0.075,0.4813136866137948,0.41487238661324316
83.0,2.0,0.603448275862069,0.5223880597014925,0.56,0.4813136866137948,0.41487238661324316
83.0,3.0,0.5833333333333334,0.5675675675675675,0.5753424657534246,0.4813136866137948,0.41487238661324316
84.0,0.0,0.6367041198501873,0.8252427184466019,0.718816067653277,0.48199271868911,0.4122291592145227
84.0,1.0,0.125,0.0784313725490196,0.0963855421686747,0.48199271868911,0.4122291592145227
84.0,2.0,0.6504854368932039,0.5,0.5654008438818565,0.48199271868911,0.4122291592145227
84.0,3.0,0.5693430656934306,0.527027027027027,0.5473684210526316,0.48199271868911,0.4122291592145227
85.0,0.0,0.6395348837209303,0.8009708737864077,0.7112068965517241,0.4689858733220802,0.40311359085096865
85.0,1.0,0.07407407407407407,0.0392156862745098,0.05128205128205128,0.4689858733220802,0.40311359085096865
85.0,2.0,0.6120689655172413,0.5298507462686567,0.568,0.4689858733220802,0.40311359085096865
85.0,3.0,0.5652173913043478,0.527027027027027,0.5454545454545454,0.4689858733220802,0.40311359085096865
86.0,0.0,0.6325757575757576,0.8106796116504854,0.7106382978723405,0.4673090816460293,0.40109689582569125
86.0,1.0,0.06666666666666667,0.0392156862745098,0.04938271604938271,0.4673090816460293,0.40109689582569125
86.0,2.0,0.6068376068376068,0.5298507462686567,0.5657370517928287,0.4673090816460293,0.40109689582569125
86.0,3.0,0.5859375,0.5067567567567568,0.5434782608695652,0.4673090816460293,0.40109689582569125
87.0,0.0,0.6491935483870968,0.7815533980582524,0.7092511013215859,0.4801720925732753,0.4042197018649281
87.0,1.0,0.13793103448275862,0.0784313725490196,0.1,0.4801720925732753,0.4042197018649281
87.0,2.0,0.6016949152542372,0.5298507462686567,0.5634920634920635,0.4801720925732753,0.4042197018649281
87.0,3.0,0.5555555555555556,0.5405405405405406,0.547945205479452,0.4801720925732753,0.4042197018649281
88.0,0.0,0.6273764258555133,0.8009708737864077,0.7036247334754797,0.461701593920378,0.39054069399350216
88.0,1.0,0.06451612903225806,0.0392156862745098,0.04878048780487805,0.461701593920378,0.39054069399350216
88.0,2.0,0.6016949152542372,0.5298507462686567,0.5634920634920635,0.461701593920378,0.39054069399350216
88.0,3.0,0.5748031496062992,0.49324324324324326,0.5309090909090909,0.461701593920378,0.39054069399350216
89.0,0.0,0.6387832699619772,0.8155339805825242,0.7164179104477612,0.4746511919443318,0.4063851472667242
89.0,1.0,0.1,0.058823529411764705,0.07407407407407407,0.4746511919443318,0.4063851472667242
89.0,2.0,0.625,0.5223880597014925,0.5691056910569106,0.4746511919443318,0.4063851472667242
89.0,3.0,0.5671641791044776,0.5135135135135135,0.5390070921985816,0.4746511919443318,0.4063851472667242
90.0,0.0,0.648,0.7864077669902912,0.7105263157894737,0.47606873299740665,0.3980970426366173
90.0,1.0,0.10810810810810811,0.0784313725490196,0.09090909090909091,0.47606873299740665,0.3980970426366173
90.0,2.0,0.6068376068376068,0.5298507462686567,0.5657370517928287,0.47606873299740665,0.3980970426366173
90.0,3.0,0.562962962962963,0.5135135135135135,0.5371024734982333,0.47606873299740665,0.3980970426366173
91.0,0.0,0.6377952755905512,0.7864077669902912,0.7043478260869566,0.4754598606129531,0.3967399579796556
91.0,1.0,0.12121212121212122,0.0784313725490196,0.09523809523809523,0.4754598606129531,0.3967399579796556
91.0,2.0,0.603448275862069,0.5223880597014925,0.56,0.4754598606129531,0.3967399579796556
91.0,3.0,0.5661764705882353,0.5202702702702703,0.5422535211267606,0.4754598606129531,0.3967399579796556
92.0,0.0,0.6518218623481782,0.7815533980582524,0.7108167770419426,0.4786464793017106,0.396191015274009
92.0,1.0,0.1282051282051282,0.09803921568627451,0.1111111111111111,0.4786464793017106,0.396191015274009
92.0,2.0,0.5932203389830508,0.5223880597014925,0.5555555555555556,0.4786464793017106,0.396191015274009
92.0,3.0,0.562962962962963,0.5135135135135135,0.5371024734982333,0.4786464793017106,0.396191015274009
93.0,0.0,0.6583333333333333,0.7669902912621359,0.7085201793721974,0.4801563432758118,0.4030704386376547
93.0,1.0,0.125,0.0784313725490196,0.0963855421686747,0.4801563432758118,0.4030704386376547
93.0,2.0,0.5887096774193549,0.5447761194029851,0.5658914728682171,0.4801563432758118,0.4030704386376547
93.0,3.0,0.5594405594405595,0.5405405405405406,0.5498281786941581,0.4801563432758118,0.4030704386376547
94.0,0.0,0.6532258064516129,0.7864077669902912,0.7136563876651982,0.4805295856126095,0.40542862760833653
94.0,1.0,0.11764705882352941,0.0784313725490196,0.09411764705882353,0.4805295856126095,0.40542862760833653
94.0,2.0,0.6140350877192983,0.5223880597014925,0.5645161290322581,0.4805295856126095,0.40542862760833653
94.0,3.0,0.5594405594405595,0.5405405405405406,0.5498281786941581,0.4805295856126095,0.40542862760833653
95.0,0.0,0.6328125,0.7864077669902912,0.7012987012987013,0.472741067481771,0.3919958260227444
95.0,1.0,0.1111111111111111,0.0784313725490196,0.09195402298850575,0.472741067481771,0.3919958260227444
95.0,2.0,0.6106194690265486,0.5149253731343284,0.5587044534412956,0.472741067481771,0.3919958260227444
95.0,3.0,0.5671641791044776,0.5135135135135135,0.5390070921985816,0.472741067481771,0.3919958260227444
96.0,0.0,0.63671875,0.7912621359223301,0.7056277056277056,0.469196826129856,0.394399699256072
96.0,1.0,0.08823529411764706,0.058823529411764705,0.07058823529411765,0.469196826129856,0.394399699256072
96.0,2.0,0.5916666666666667,0.5298507462686567,0.5590551181102362,0.469196826129856,0.394399699256072
96.0,3.0,0.5813953488372093,0.5067567567567568,0.5415162454873647,0.469196826129856,0.394399699256072
97.0,0.0,0.6385542168674698,0.7718446601941747,0.6989010989010989,0.478212922117204,0.39923125640098206
97.0,1.0,0.12903225806451613,0.0784313725490196,0.0975609756097561,0.478212922117204,0.39923125640098206
97.0,2.0,0.5982905982905983,0.5223880597014925,0.5577689243027888,0.478212922117204,0.39923125640098206
97.0,3.0,0.5704225352112676,0.5472972972972973,0.5586206896551724,0.478212922117204,0.39923125640098206
98.0,0.0,0.6212121212121212,0.7961165048543689,0.6978723404255319,0.4638249368067533,0.3857352671337687
98.0,1.0,0.08823529411764706,0.058823529411764705,0.07058823529411765,0.4638249368067533,0.3857352671337687
98.0,2.0,0.6017699115044248,0.5074626865671642,0.5506072874493927,0.4638249368067533,0.3857352671337687
98.0,3.0,0.578125,0.5,0.5362318840579711,0.4638249368067533,0.3857352671337687
99.0,0.0,0.6530612244897959,0.7766990291262136,0.7095343680709535,0.4900143295267032,0.4069243668986464
99.0,1.0,0.15789473684210525,0.11764705882352941,0.1348314606741573,0.4900143295267032,0.4069243668986464
99.0,2.0,0.5901639344262295,0.5373134328358209,0.5625,0.4900143295267032,0.4069243668986464
99.0,3.0,0.582089552238806,0.527027027027027,0.5531914893617021,0.4900143295267032,0.4069243668986464
100.0,0.0,0.6569037656903766,0.7621359223300971,0.7056179775280899,0.4855769935956117,0.4044058260757229
100.0,1.0,0.13513513513513514,0.09803921568627451,0.11363636363636363,0.4855769935956117,0.4044058260757229
100.0,2.0,0.5901639344262295,0.5373134328358209,0.5625,0.4855769935956117,0.4044058260757229
100.0,3.0,0.574468085106383,0.5472972972972973,0.5605536332179931,0.4855769935956117,0.4044058260757229
101.0,0.0,0.6434426229508197,0.7621359223300971,0.6977777777777778,0.48070407092750245,0.39581548760970536
101.0,1.0,0.13513513513513514,0.09803921568627451,0.11363636363636363,0.48070407092750245,0.39581548760970536
101.0,2.0,0.5982905982905983,0.5223880597014925,0.5577689243027888,0.48070407092750245,0.39581548760970536
101.0,3.0,0.5673758865248227,0.5405405405405406,0.5536332179930796,0.48070407092750245,0.39581548760970536
102.0,0.0,0.6512605042016807,0.7524271844660194,0.6981981981981982,0.4858325574414668,0.39762235972586757
102.0,1.0,0.14634146341463414,0.11764705882352941,0.13043478260869565,0.4858325574414668,0.39762235972586757
102.0,2.0,0.5853658536585366,0.5373134328358209,0.5603112840466926,0.4858325574414668,0.39762235972586757
102.0,3.0,0.5766423357664233,0.5337837837837838,0.5543859649122806,0.4858325574414668,0.39762235972586757
103.0,0.0,0.6528925619834711,0.7669902912621359,0.7053571428571429,0.4951295988684613,0.40760456579247534
103.0,1.0,0.175,0.13725490196078433,0.15384615384615385,0.4951295988684613,0.40760456579247534
103.0,2.0,0.6,0.5373134328358209,0.5669291338582677,0.4951295988684613,0.40760456579247534
103.0,3.0,0.5766423357664233,0.5337837837837838,0.5543859649122806,0.4951295988684613,0.40760456579247534
104.0,0.0,0.6489795918367347,0.7718446601941747,0.70509977827051,0.49338246223736404,0.4048012980837136
104.0,1.0,0.17073170731707318,0.13725490196078433,0.15217391304347827,0.49338246223736404,0.4048012980837136
104.0,2.0,0.6306306306306306,0.5223880597014925,0.5714285714285714,0.49338246223736404,0.4048012980837136
104.0,3.0,0.5563380281690141,0.5337837837837838,0.5448275862068965,0.49338246223736404,0.4048012980837136
105.0,0.0,0.62890625,0.7815533980582524,0.696969696969697,0.48174823144335344,0.3928452713255807
105.0,1.0,0.15384615384615385,0.11764705882352941,0.13333333333333333,0.48174823144335344,0.3928452713255807
105.0,2.0,0.6160714285714286,0.5149253731343284,0.5609756097560976,0.48174823144335344,0.3928452713255807
105.0,3.0,0.5681818181818182,0.5067567567567568,0.5357142857142857,0.48174823144335344,0.3928452713255807
106.0,0.0,0.6356589147286822,0.7961165048543689,0.7068965517241379,0.4822788509826008,0.39663954673835483
106.0,1.0,0.13953488372093023,0.11764705882352941,0.1276595744680851,0.4822788509826008,0.39663954673835483
106.0,2.0,0.6272727272727273,0.5149253731343284,0.5655737704918032,0.4822788509826008,0.39663954673835483
106.0,3.0,0.5703125,0.49324324324324326,0.5289855072463768,0.4822788509826008,0.39663954673835483
107.0,0.0,0.65,0.7572815533980582,0.6995515695067265,0.5030649935006426,0.41328255707165895
107.0,1.0,0.1951219512195122,0.1568627450980392,0.17391304347826086,0.5030649935006426,0.41328255707165895
107.0,2.0,0.6238532110091743,0.5074626865671642,0.5596707818930041,0.5030649935006426,0.41328255707165895
107.0,3.0,0.5771812080536913,0.581081081081081,0.5791245791245792,0.5030649935006426,0.41328255707165895
108.0,0.0,0.6360153256704981,0.8058252427184466,0.7109207708779444,0.4882738918092717,0.4022466140278894
108.0,1.0,0.16279069767441862,0.13725490196078433,0.14893617021276595,0.4882738918092717,0.4022466140278894
108.0,2.0,0.6260869565217392,0.5373134328358209,0.5783132530120482,0.4882738918092717,0.4022466140278894
108.0,3.0,0.575,0.46621621621621623,0.5149253731343284,0.4882738918092717,0.4022466140278894
109.0,0.0,0.6502057613168725,0.7669902912621359,0.7037861915367484,0.5005893292809451,0.41573392479308025
109.0,1.0,0.17073170731707318,0.13725490196078433,0.15217391304347827,0.5005893292809451,0.41573392479308025
109.0,2.0,0.6120689655172413,0.5298507462686567,0.568,0.5005893292809451,0.41573392479308025
109.0,3.0,0.5971223021582733,0.5608108108108109,0.578397212543554,0.5005893292809451,0.41573392479308025
110.0,0.0,0.6414342629482072,0.7815533980582524,0.7045951859956237,0.49572823128245347,0.4049535604500307
110.0,1.0,0.18604651162790697,0.1568627450980392,0.1702127659574468,0.49572823128245347,0.4049535604500307
110.0,2.0,0.6203703703703703,0.5,0.5537190082644629,0.49572823128245347,0.4049535604500307
110.0,3.0,0.5766423357664233,0.5337837837837838,0.5543859649122806,0.49572823128245347,0.4049535604500307
111.0,0.0,0.6414342629482072,0.7815533980582524,0.7045951859956237,0.488875150006227,0.39932747973468286
111.0,1.0,0.16666666666666666,0.13725490196078433,0.15053763440860216,0.488875150006227,0.39932747973468286
111.0,2.0,0.6216216216216216,0.5149253731343284,0.563265306122449,0.488875150006227,0.39932747973468286
111.0,3.0,0.562962962962963,0.5135135135135135,0.5371024734982333,0.488875150006227,0.39932747973468286
112.0,0.0,0.6414342629482072,0.7815533980582524,0.7045951859956237,0.48896642611893804,0.39957334479072026
112.0,1.0,0.16279069767441862,0.13725490196078433,0.14893617021276595,0.48896642611893804,0.39957334479072026
112.0,2.0,0.6296296296296297,0.5074626865671642,0.5619834710743802,0.48896642611893804,0.39957334479072026
112.0,3.0,0.5620437956204379,0.5202702702702703,0.5403508771929825,0.48896642611893804,0.39957334479072026
113.0,0.0,0.6504065040650406,0.7766990291262136,0.7079646017699115,0.4965595553895644,0.4101349479377426
113.0,1.0,0.17073170731707318,0.13725490196078433,0.15217391304347827,0.4965595553895644,0.4101349479377426
113.0,2.0,0.631578947368421,0.5373134328358209,0.5806451612903226,0.4965595553895644,0.4101349479377426
113.0,3.0,0.5652173913043478,0.527027027027027,0.5454545454545454,0.4965595553895644,0.4101349479377426
114.0,0.0,0.6437246963562753,0.7718446601941747,0.7019867549668874,0.493179591521004,0.40987065562470804
114.0,1.0,0.15789473684210525,0.11764705882352941,0.1348314606741573,0.493179591521004,0.40987065562470804
114.0,2.0,0.6171875,0.5895522388059702,0.6030534351145038,0.493179591521004,0.40987065562470804
114.0,3.0,0.5793650793650794,0.49324324324324326,0.5328467153284672,0.493179591521004,0.40987065562470804
115.0,0.0,0.6504065040650406,0.7766990291262136,0.7079646017699115,0.49451456911041924,0.40350255038123856
115.0,1.0,0.17391304347826086,0.1568627450980392,0.16494845360824742,0.49451456911041924,0.40350255038123856
115.0,2.0,0.6160714285714286,0.5149253731343284,0.5609756097560976,0.49451456911041924,0.40350255038123856
115.0,3.0,0.5703703703703704,0.5202702702702703,0.5441696113074205,0.49451456911041924,0.40350255038123856
116.0,0.0,0.6287878787878788,0.8058252427184466,0.7063829787234043,0.49060959394815656,0.4044340999737744
116.0,1.0,0.16666666666666666,0.13725490196078433,0.15053763440860216,0.49060959394815656,0.4044340999737744
116.0,2.0,0.6396396396396397,0.5298507462686567,0.5795918367346938,0.49060959394815656,0.4044340999737744
116.0,3.0,0.5819672131147541,0.4797297297297297,0.5259259259259259,0.49060959394815656,0.4044340999737744
117.0,0.0,0.6384615384615384,0.8058252427184466,0.7124463519313304,0.5046133090277111,0.4249844889289358
117.0,1.0,0.1891891891891892,0.13725490196078433,0.1590909090909091,0.5046133090277111,0.4249844889289358
117.0,2.0,0.6386554621848739,0.5671641791044776,0.6007905138339921,0.5046133090277111,0.4249844889289358
117.0,3.0,0.6016260162601627,0.5,0.5461254612546126,0.5046133090277111,0.4249844889289358
118.0,0.0,0.630188679245283,0.8106796116504854,0.7091295116772823,0.4877915556683326,0.401250366646828
118.0,1.0,0.17073170731707318,0.13725490196078433,0.15217391304347827,0.4877915556683326,0.401250366646828
118.0,2.0,0.6355140186915887,0.5074626865671642,0.5643153526970954,0.4877915556683326,0.401250366646828
118.0,3.0,0.5714285714285714,0.4864864864864865,0.5255474452554745,0.4877915556683326,0.401250366646828
119.0,0.0,0.63671875,0.7912621359223301,0.7056277056277056,0.49739003721372776,0.41273620186898663
119.0,1.0,0.17073170731707318,0.13725490196078433,0.15217391304347827,0.49739003721372776,0.41273620186898663
119.0,2.0,0.6333333333333333,0.5671641791044776,0.5984251968503937,0.49739003721372776,0.41273620186898663
119.0,3.0,0.5901639344262295,0.4864864864864865,0.5333333333333333,0.49739003721372776,0.41273620186898663
120.0,0.0,0.6264150943396226,0.8058252427184466,0.7048832271762208,0.4942689723924635,0.40476761088097457
120.0,1.0,0.18604651162790697,0.1568627450980392,0.1702127659574468,0.4942689723924635,0.40476761088097457
120.0,2.0,0.6396396396396397,0.5298507462686567,0.5795918367346938,0.4942689723924635,0.40476761088097457
120.0,3.0,0.5833333333333334,0.47297297297297297,0.5223880597014925,0.4942689723924635,0.40476761088097457
121.0,0.0,0.6583333333333333,0.7669902912621359,0.7085201793721974,0.5082161649132129,0.41862246140691417
121.0,1.0,0.1836734693877551,0.17647058823529413,0.18,0.5082161649132129,0.41862246140691417
121.0,2.0,0.6209677419354839,0.5746268656716418,0.5968992248062015,0.5082161649132129,0.41862246140691417
121.0,3.0,0.5952380952380952,0.5067567567567568,0.5474452554744526,0.5082161649132129,0.41862246140691417
122.0,0.0,0.6346153846153846,0.8009708737864077,0.7081545064377682,0.49670890664557577,0.4081404208591838
122.0,1.0,0.17777777777777778,0.1568627450980392,0.16666666666666666,0.49670890664557577,0.4081404208591838
122.0,2.0,0.6517857142857143,0.5447761194029851,0.5934959349593496,0.49670890664557577,0.4081404208591838
122.0,3.0,0.5737704918032787,0.47297297297297297,0.5185185185185185,0.49670890664557577,0.4081404208591838
123.0,0.0,0.6286764705882353,0.8300970873786407,0.7154811715481172,0.48984761827597334,0.40775924855945306
123.0,1.0,0.1590909090909091,0.13725490196078433,0.14736842105263157,0.48984761827597334,0.40775924855945306
123.0,2.0,0.660377358490566,0.5223880597014925,0.5833333333333334,0.48984761827597334,0.40775924855945306
123.0,3.0,0.5811965811965812,0.4594594594594595,0.5132075471698113,0.48984761827597334,0.40775924855945306
124.0,0.0,0.6459143968871596,0.8058252427184466,0.7170626349892009,0.5048280999189811,0.42106764399539354
124.0,1.0,0.18604651162790697,0.1568627450980392,0.1702127659574468,0.5048280999189811,0.42106764399539354
124.0,2.0,0.6548672566371682,0.5522388059701493,0.5991902834008097,0.5048280999189811,0.42106764399539354
124.0,3.0,0.5793650793650794,0.49324324324324326,0.5328467153284672,0.5048280999189811,0.42106764399539354
125.0,0.0,0.6446280991735537,0.7572815533980582,0.6964285714285714,0.5041094212804739,0.4110292503108264
125.0,1.0,0.1836734693877551,0.17647058823529413,0.18,0.5041094212804739,0.4110292503108264
125.0,2.0,0.6307692307692307,0.6119402985074627,0.6212121212121212,0.5041094212804739,0.4110292503108264
125.0,3.0,0.5847457627118644,0.46621621621621623,0.518796992481203,0.5041094212804739,0.4110292503108264
126.0,0.0,0.6431535269709544,0.7524271844660194,0.6935123042505593,0.49937806392647943,0.4028522640288867
126.0,1.0,0.18,0.17647058823529413,0.1782178217821782,0.49937806392647943,0.4028522640288867
126.0,2.0,0.6097560975609756,0.5597014925373134,0.5836575875486382,0.49937806392647943,0.4028522640288867
126.0,3.0,0.592,0.5,0.5421245421245421,0.49937806392647943,0.4028522640288867
127.0,0.0,0.6460905349794238,0.7621359223300971,0.6993318485523385,0.5003130145930239,0.4093577460330799
127.0,1.0,0.17391304347826086,0.1568627450980392,0.16494845360824742,0.5003130145930239,0.4093577460330799
127.0,2.0,0.6198347107438017,0.5597014925373134,0.5882352941176471,0.5003130145930239,0.4093577460330799
127.0,3.0,0.5891472868217055,0.5135135135135135,0.5487364620938628,0.5003130145930239,0.4093577460330799
128.0,0.0,0.6434426229508197,0.7621359223300971,0.6977777777777778,0.5018976008337711,0.41129578112683784
128.0,1.0,0.18604651162790697,0.1568627450980392,0.1702127659574468,0.5018976008337711,0.41129578112683784
128.0,2.0,0.608,0.5671641791044776,0.5868725868725869,0.5018976008337711,0.41129578112683784
128.0,3.0,0.5984251968503937,0.5135135135135135,0.5527272727272727,0.5018976008337711,0.41129578112683784
129.0,0.0,0.6381322957198443,0.7961165048543689,0.7084233261339092,0.5005056824086049,0.4127066492494304
129.0,1.0,0.19047619047619047,0.1568627450980392,0.17204301075268819,0.5005056824086049,0.4127066492494304
129.0,2.0,0.6403508771929824,0.5447761194029851,0.5887096774193549,0.5005056824086049,0.4127066492494304
129.0,3.0,0.5793650793650794,0.49324324324324326,0.5328467153284672,0.5005056824086049,0.4127066492494304
130.0,0.0,0.6403162055335968,0.7864077669902912,0.7058823529411765,0.4992541201587816,0.4100216822746824
130.0,1.0,0.1951219512195122,0.1568627450980392,0.17391304347826086,0.4992541201587816,0.4100216822746824
130.0,2.0,0.6134453781512605,0.5447761194029851,0.5770750988142292,0.4992541201587816,0.4100216822746824
130.0,3.0,0.5873015873015873,0.5,0.5401459854014599,0.4992541201587816,0.4100216822746824
131.0,0.0,0.6417322834645669,0.7912621359223301,0.7086956521739131,0.4970869565217391,0.41254359010032854
131.0,1.0,0.17073170731707318,0.13725490196078433,0.15217391304347827,0.4970869565217391,0.41254359010032854
131.0,2.0,0.6293103448275862,0.5447761194029851,0.584,0.4970869565217391,0.41254359010032854
131.0,3.0,0.5859375,0.5067567567567568,0.5434782608695652,0.4970869565217391,0.41254359010032854
132.0,0.0,0.6374501992031872,0.7766990291262136,0.700218818380744,0.48610908509064027,0.399427537274476
132.0,1.0,0.14634146341463414,0.11764705882352941,0.13043478260869565,0.48610908509064027,0.399427537274476
132.0,2.0,0.6198347107438017,0.5597014925373134,0.5882352941176471,0.48610908509064027,0.399427537274476
132.0,3.0,0.5714285714285714,0.4864864864864865,0.5255474452554745,0.48610908509064027,0.399427537274476
133.0,0.0,0.6554621848739496,0.7572815533980582,0.7027027027027027,0.4963633448897045,0.4138318453110642
133.0,1.0,0.14634146341463414,0.11764705882352941,0.13043478260869565,0.4963633448897045,0.4138318453110642
133.0,2.0,0.6062992125984252,0.5746268656716418,0.5900383141762452,0.4963633448897045,0.4138318453110642
133.0,3.0,0.5939849624060151,0.5337837837837838,0.5622775800711743,0.4963633448897045,0.4138318453110642
134.0,0.0,0.6473029045643154,0.7572815533980582,0.697986577181208,0.49368508857880333,0.4049810047353083
134.0,1.0,0.14893617021276595,0.13725490196078433,0.14285714285714285,0.49368508857880333,0.4049810047353083
134.0,2.0,0.6046511627906976,0.582089552238806,0.5931558935361216,0.49368508857880333,0.4049810047353083
134.0,3.0,0.5983606557377049,0.49324324324324326,0.5407407407407407,0.49368508857880333,0.4049810047353083
135.0,0.0,0.6374045801526718,0.8106796116504854,0.7136752136752137,0.48661956193529005,0.40474563339677805
135.0,1.0,0.13953488372093023,0.11764705882352941,0.1276595744680851,0.48661956193529005,0.40474563339677805
135.0,2.0,0.6576576576576577,0.5447761194029851,0.5959183673469388,0.48661956193529005,0.40474563339677805
135.0,3.0,0.5609756097560976,0.46621621621621623,0.5092250922509225,0.48661956193529005,0.40474563339677805
136.0,0.0,0.6408163265306123,0.7621359223300971,0.6962305986696231,0.4882170462750116,0.39295833476692377
136.0,1.0,0.1509433962264151,0.1568627450980392,0.15384615384615385,0.4882170462750116,0.39295833476692377
136.0,2.0,0.6147540983606558,0.5597014925373134,0.5859375,0.4882170462750116,0.39295833476692377
136.0,3.0,0.5798319327731093,0.46621621621621623,0.5168539325842697,0.4882170462750116,0.39295833476692377
137.0,0.0,0.6468253968253969,0.7912621359223301,0.7117903930131004,0.4900842901274312,0.4079019195152903
137.0,1.0,0.13636363636363635,0.11764705882352941,0.12631578947368421,0.4900842901274312,0.4079019195152903
137.0,2.0,0.6422018348623854,0.5223880597014925,0.5761316872427984,0.4900842901274312,0.4079019195152903
137.0,3.0,0.5746268656716418,0.5202702702702703,0.5460992907801419,0.4900842901274312,0.4079019195152903
138.0,0.0,0.642570281124498,0.7766990291262136,0.7032967032967034,0.48967470583256445,0.39987650193699453
138.0,1.0,0.16279069767441862,0.13725490196078433,0.14893617021276595,0.48967470583256445,0.39987650193699453
138.0,2.0,0.6206896551724138,0.5373134328358209,0.576,0.48967470583256445,0.39987650193699453
138.0,3.0,0.5648854961832062,0.5,0.5304659498207885,0.48967470583256445,0.39987650193699453
139.0,0.0,0.6569037656903766,0.7621359223300971,0.7056179775280899,0.4995875457134996,0.41376581984112953
139.0,1.0,0.17073170731707318,0.13725490196078433,0.15217391304347827,0.4995875457134996,0.41376581984112953
139.0,2.0,0.6141732283464567,0.582089552238806,0.5977011494252874,0.4995875457134996,0.41376581984112953
139.0,3.0,0.5757575757575758,0.5135135135135135,0.5428571428571428,0.4995875457134996,0.41376581984112953
140.0,0.0,0.6448979591836734,0.7669902912621359,0.7006651884700665,0.4867204694575282,0.39666785562001
140.0,1.0,0.15217391304347827,0.13725490196078433,0.14432989690721648,0.4867204694575282,0.39666785562001
140.0,2.0,0.6030534351145038,0.5895522388059702,0.5962264150943396,0.4867204694575282,0.39666785562001
140.0,3.0,0.5726495726495726,0.4527027027027027,0.5056603773584906,0.4867204694575282,0.39666785562001
141.0,0.0,0.654320987654321,0.7718446601941747,0.7082405345211581,0.49180424575740267,0.4036577830553664
141.0,1.0,0.15555555555555556,0.13725490196078433,0.14583333333333334,0.49180424575740267,0.4036577830553664
141.0,2.0,0.6166666666666667,0.5522388059701493,0.5826771653543307,0.49180424575740267,0.4036577830553664
141.0,3.0,0.5648854961832062,0.5,0.5304659498207885,0.49180424575740267,0.4036577830553664
142.0,0.0,0.637065637065637,0.8009708737864077,0.7096774193548387,0.48643660584282133,0.39720637249372165
142.0,1.0,0.16,0.1568627450980392,0.15841584158415842,0.48643660584282133,0.39720637249372165
142.0,2.0,0.6260162601626016,0.5746268656716418,0.5992217898832685,0.48643660584282133,0.39720637249372165
142.0,3.0,0.5700934579439252,0.41216216216216217,0.47843137254901963,0.48643660584282133,0.39720637249372165
143.0,0.0,0.6508620689655172,0.7330097087378641,0.6894977168949772,0.4854826753589989,0.390901907011383
143.0,1.0,0.14,0.13725490196078433,0.13861386138613863,0.4854826753589989,0.390901907011383
143.0,2.0,0.5939849624060151,0.5895522388059702,0.5917602996254682,0.4854826753589989,0.390901907011383
143.0,3.0,0.5725806451612904,0.4797297297297297,0.5220588235294118,0.4854826753589989,0.390901907011383
144.0,0.0,0.6475409836065574,0.7669902912621359,0.7022222222222222,0.487272314874291,0.39307324922471365
144.0,1.0,0.1509433962264151,0.1568627450980392,0.15384615384615385,0.487272314874291,0.39307324922471365
144.0,2.0,0.6097560975609756,0.5597014925373134,0.5836575875486382,0.487272314874291,0.39307324922471365
144.0,3.0,0.5714285714285714,0.4594594594594595,0.5093632958801498,0.487272314874291,0.39307324922471365
145.0,0.0,0.6556016597510373,0.7669902912621359,0.7069351230425056,0.5008013449266203,0.40483815336635476
145.0,1.0,0.17543859649122806,0.19607843137254902,0.18518518518518517,0.5008013449266203,0.40483815336635476
145.0,2.0,0.6239316239316239,0.5447761194029851,0.5816733067729084,0.5008013449266203,0.40483815336635476
145.0,3.0,0.5806451612903226,0.4864864864864865,0.5294117647058824,0.5008013449266203,0.40483815336635476
146.0,0.0,0.6388888888888888,0.7815533980582524,0.7030567685589519,0.48962094063986683,0.39665259096024574
146.0,1.0,0.16,0.1568627450980392,0.15841584158415842,0.48962094063986683,0.39665259096024574
146.0,2.0,0.6293103448275862,0.5447761194029851,0.584,0.48962094063986683,0.39665259096024574
146.0,3.0,0.5702479338842975,0.46621621621621623,0.5130111524163569,0.48962094063986683,0.39665259096024574
147.0,0.0,0.6434426229508197,0.7621359223300971,0.6977777777777778,0.4792857142857143,0.383400912404138
147.0,1.0,0.14285714285714285,0.13725490196078433,0.14,0.4792857142857143,0.383400912404138
147.0,2.0,0.6186440677966102,0.5447761194029851,0.5793650793650794,0.4792857142857143,0.383400912404138
147.0,3.0,0.5390625,0.46621621621621623,0.5,0.4792857142857143,0.383400912404138
148.0,0.0,0.6434426229508197,0.7621359223300971,0.6977777777777778,0.48818518518518517,0.38867861488532013
148.0,1.0,0.15789473684210525,0.17647058823529413,0.16666666666666666,0.48818518518518517,0.38867861488532013
148.0,2.0,0.6379310344827587,0.5522388059701493,0.592,0.48818518518518517,0.38867861488532013
148.0,3.0,0.5491803278688525,0.4527027027027027,0.4962962962962963,0.48818518518518517,0.38867861488532013
149.0,0.0,0.6419753086419753,0.7572815533980582,0.6948775055679287,0.4801855224457796,0.38303467581522965
149.0,1.0,0.15384615384615385,0.1568627450980392,0.1553398058252427,0.4801855224457796,0.38303467581522965
149.0,2.0,0.5939849624060151,0.5895522388059702,0.5917602996254682,0.4801855224457796,0.38303467581522965
149.0,3.0,0.5585585585585585,0.4189189189189189,0.47876447876447875,0.4801855224457796,0.38303467581522965
150.0,0.0,0.6468253968253969,0.7912621359223301,0.7117903930131004,0.4915477431283204,0.40140714310666115
150.0,1.0,0.16666666666666666,0.1568627450980392,0.16161616161616163,0.4915477431283204,0.40140714310666115
150.0,2.0,0.6239316239316239,0.5447761194029851,0.5816733067729084,0.4915477431283204,0.40140714310666115
150.0,3.0,0.5655737704918032,0.46621621621621623,0.5111111111111111,0.4915477431283204,0.40140714310666115
